Gear Name	Slot	Gear Power	Base Gear Power	Primary	Secondary	Perfect Points	Combo Multiplier	Fever Fill Rate	Fever Multiplier	Fever Time	Perfect Time	Chill	Vibe	Beat	Flow	Rush
Legendary Beat Cyborg's Jumpsuit	Shirt	172	70	Beat	Flow	0	0	7	0	7	0	0	0	21	9	0
Legendary Vibe Ringleader's Suit	Shirt	155	55	Vibe	Beat	0	11	0	0	0	0	0	20	10	0	0
Legendary Marshall's Coat	Shirt	152	80	Chill	Rush	0	0	0	8	8	0	12	0	0	0	12
Legendary Rush Chieftain's Garb	Shirt	152	50	Rush	Vibe	5	5	0	0	0	0	0	9	0	0	21
Legendary Chill Samurai's Cuirass	Shirt	149	45	Chill	Flow	9	0	0	0	0	0	21	0	0	10	0
Legendary Flow Commander's Jumpsuit	Shirt	144	40	Flow	Chill	0	0	0	8	0	0	10	0	0	21	0
Legendary Rebel's Coat	Shirt	134	50	Chill	Chill	10	0	0	0	0	0	14	0	14	0	0
Legendary Musketeer's Coat	Shirt	132	50	Flow	Vibe	0	10	0	0	0	0	0	13	0	14	0
Rare Vibe Ringleader's Suit	Shirt	124	50	Vibe	Beat	0	10	0	0	0	0	0	16	5	0	0
Rare Rush Chieftain's Garb	Shirt	114	40	Rush	Vibe	4	4	0	0	0	0	0	7	0	0	15
Rare Beat Cyborg's Jumpsuit	Shirt	112	40	Beat	Flow	0	0	4	0	4	0	0	0	15	6	0
Rare Chill Samurai's Cuirass	Shirt	110	30	Chill	Flow	6	0	0	0	0	0	15	0	0	10	0
Rare Flow Commander's Jumpsuit	Shirt	110	30	Flow	Chill	0	0	0	6	0	0	8	0	0	16	0
Black17 Shirt	Shirt	110	50	Vibe	Rush	4	0	4	0	0	0	0	10	0	0	10
Skylate's Hoodie	Shirt	97	35	Flow	Chill	0	0	0	7	0	0	5	0	0	13	0
Rutra's Hoodie	Shirt	90	50	Rush	Chill	5	0	0	5	0	0	0	0	0	0	10
Creo's Hoodie	Shirt	89	35	Chill	Rush	4	3	0	0	0	0	10	0	0	0	7
Just Coach's Jacket	Shirt	88	30	Chill	Rush	0	6	0	0	0	0	11	0	0	0	7
Slynk's Funky Fresh T-shirt	Shirt	88	30	Vibe	Flow	0	0	0	3	3	0	0	12	0	5	0
Kobaryo's Shirt	Shirt	86	30	Rush	Flow	0	3	0	0	3	0	0	0	0	6	11
Gamer's Expensive Suit	Shirt	83	35	Beat	Chill	0	4	0	3	0	0	2	0	11	0	0
Landino's Tracksuit	Shirt	82	20	Chill	Flow	4	0	0	0	0	0	11	0	0	9	0
Ardolf's Lycanthrope Scruff	Shirt	81	25	Flow	Beat	0	0	0	5	0	0	0	0	6	11	0
Poppy's Flux Shirt	Shirt	80	30	Flow	Rush	6	0	0	0	0	0	0	0	0	10	5
Ringmaster Roxie's Top	Shirt	80	20	Rush	Vibe	0	0	0	0	4	0	0	8	0	0	11
Just Dance Coach's Top	Shirt	78	20	Flow	Vibe	0	0	0	4	0	0	0	7	0	11	0
Kurante's DiVE Uniform	Shirt	78	30	Vibe	Vibe	0	6	0	0	0	0	0	8	8	0	0
Koneko's Cat Shirt	Shirt	68	20	Chill	Vibe	4	0	0	0	0	0	9	6	0	0	0
Onii's Otaku Sweater	Shirt	51	25	Rush	Flow	0	5	0	0	0	0	0	0	0	1	6
Random's Hip Hoodie	Shirt	51	25	Vibe	Chill	0	0	0	5	0	0	1	6	0	0	0
Xsitsu's Retro Suit	Shirt	49	25	Beat	Chill	5	0	0	0	0	0	2	0	5	0	0
Kagan's Cowboy Vest	Shirt	42	20	Chill	Rush	0	4	0	0	0	0	5	0	0	0	1
Xana's Street Jacket	Shirt	41	25	Rush	Beat	0	0	2	3	0	0	0	0	2	0	3
Goonie's Disco Shirt	Shirt	31	5	Flow	Vibe	1	0	0	0	0	0	0	1	0	6	0
YooH's Jumpsuit	Shirt	107	55	Chill	Rush	0	3	8	0	0	0	10	0	0	0	6
Heavy Metal Starlet's Jacket	Shirt	107	35	Beat	Vibe	0	0	2	5	0	0	0	6	15	0	0
Legendary Rush Chieftain's Pants	Pants	156	60	Rush	Vibe	6	6	0	0	0	0	0	8	0	0	20
Legendary Beat Cyborg's Pants	Pants	151	65	Beat	Flow	0	0	6	0	7	0	0	0	18	7	0
Legendary Marshall's Trousers	Pants	146	70	Chill	Rush	0	0	0	7	7	0	12	0	0	0	13
Legendary Flow Commander's Jumpsuit Pants	Pants	143	45	Flow	Chill	0	0	0	9	0	0	11	0	0	19	0
Legendary Vibe Ringleader's Slacks	Pants	143	45	Vibe	Beat	0	9	0	0	0	0	0	20	9	0	0
Legendary Musketeer's Trousers	Pants	142	60	Flow	Vibe	0	9	0	3	0	0	0	13	0	14	0
Legendary Rebel's Trousers	Pants	139	55	Chill	Chill	9	0	2	0	0	0	14	0	14	0	0
Legendary Chill Samurai's Greaves	Pants	137	45	Chill	Flow	9	0	0	0	0	0	18	0	0	10	0
Rare Rush Chieftain's Pants	Pants	116	40	Rush	Vibe	4	4	0	0	0	0	0	6	0	0	16
Rare Beat Cyborg's Pants	Pants	113	45	Beat	Flow	0	0	5	0	4	0	0	0	14	6	0
Rare Chill Samurai's Greaves	Pants	109	35	Chill	Flow	7	0	0	0	0	0	14	0	0	9	0
Rare Flow Commander's Jumpsuit Pants	Pants	109	35	Flow	Chill	0	0	0	7	0	0	9	0	0	14	0
Rare Vibe Ringleader's Slacks	Pants	106	30	Vibe	Beat	0	6	0	0	0	0	0	15	8	0	0
Kobaryo's Shorts	Pants	90	30	Rush	Flow	0	3	3	0	0	0	0	0	0	6	12
Halloween Witch's Skirt	Pants	88	30	Flow	Chill	0	0	4	0	2	0	7	0	0	11	0
Just Dance Coach's Sneakers	Pants	83	25	Chill	Rush	0	5	0	0	0	0	11	0	0	0	7
Poppy's Flux Dress	Pants	82	30	Flow	Rush	6	0	0	0	0	0	0	0	0	10	6
Ringmaster Roxie's Skirt	Pants	82	20	Rush	Vibe	0	4	0	0	0	0	0	7	0	0	12
Slynk's Funky Fresh Jeans and Sneakers	Pants	81	25	Vibe	Flow	0	0	0	2	3	0	0	11	0	6	0
Landino's Track Pants	Pants	80	20	Chill	Flow	4	0	0	0	0	0	11	0	0	8	0
Just Dance Coach's Stockings	Pants	79	25	Flow	Vibe	0	0	0	5	0	0	0	7	0	10	0
Gamer's Expensive Slacks	Pants	76	30	Beat	Chill	0	3	0	3	0	0	5	0	9	0	0
Koneko's Cat Shorts	Pants	70	20	Chill	Vibe	4	0	0	0	0	0	9	7	0	0	0
Kurante's DiVE Skirt	Pants	70	30	Beat	Vibe	0	5	0	1	0	0	0	6	7	0	0
Onii's Otaku Khakis	Pants	53	25	Rush	Flow	0	5	0	0	0	0	0	0	0	2	6
Random's Hip Sweats	Pants	46	20	Vibe	Chill	0	0	0	4	0	0	1	6	0	0	0
Xana's Street Pants	Pants	40	20	Rush	Beat	0	0	2	2	0	0	0	0	2	0	4
Xsitsu's Retro Slacks	Pants	40	20	Beat	Chill	4	0	0	0	0	0	2	0	4	0	0
Kagan's Cowboy Pants	Pants	39	15	Chill	Rush	0	3	0	0	0	0	5	0	0	0	2
Goonie's Disco Pants	Pants	29	5	Flow	Vibe	0	0	1	0	0	0	0	2	0	5	0
YooH's Tights	Pants	90	40	Chill	Rush	4	0	4	0	0	0	9	0	0	0	7
Legendary Vibe Ringleader's Necktie	Neck	154	70	Vibe	Beat	0	14	0	0	0	0	0	18	6	0	0
Legendary Beat Cyborg's Control Panel	Neck	147	65	Beat	Flow	0	0	6	0	7	0	0	0	16	9	0
Legendary Rush Chieftain's Beads	Neck	145	55	Rush	Vibe	5	6	0	0	0	0	0	7	0	0	19
Legendary Rebel's Scarf	Neck	132	60	Beat	Chill	12	0	0	0	0	0	10	0	13	0	0
Legendary Marshall's Chains	Neck	128	60	Chill	Rush	0	0	5	7	0	0	10	0	0	0	12
Legendary Musketeer's Ruffles	Neck	127	45	Flow	Vibe	0	7	2	0	0	0	0	11	0	15	0
Legendary Flow Commander's Harness	Neck	126	40	Flow	Chill	0	0	0	8	0	0	11	0	0	16	0
Legendary Chill Samurai's Necktie	Neck	122	40	Chill	Flow	8	0	0	0	0	0	15	0	0	11	0
Rare Vibe Ringleader's Necktie	Neck	114	60	Vibe	Beat	0	12	0	0	0	0	0	12	3	0	0
Rare Rush Chieftain's Beads	Neck	109	45	Rush	Vibe	5	4	0	0	0	0	0	4	0	0	14
Rare Flow Commander's Harness	Neck	100	30	Flow	Chill	0	0	0	6	0	0	9	0	0	13	0
Voca-Hiku's Tie	Neck	100	30	Rush	Chill	4	2	0	0	0	0	3	0	0	0	16
Rare Chill Samurai's Necktie	Neck	97	25	Chill	Flow	5	0	0	0	0	0	13	0	0	10	0
New Year's Bowtie	Neck	97	15	Chill	Vibe	0	0	0	3	0	0	15	11	0	0	0
Riran's Headphones	Neck	97	35	Rush	Beat	0	4	0	0	3	0	0	0	5	0	13
Similar Outskirts Zipper	Neck	90	40	Beat	Chill	0	0	0	5	3	0	7	0	9	0	0
Rare Beat Cyborg's Control Panel	Neck	89	35	Beat	Flow	0	0	4	0	3	0	0	0	11	5	0
Schoolgirl's Sailor Scarf	Neck	85	25	Chill	Beat	0	0	2	3	0	0	11	0	8	0	0
Halloween Witch's Cloak	Neck	84	30	Chill	Chill	0	0	2	0	4	0	9	0	0	9	0
LeaF's Armageddon Eye	Neck	84	20	Chill	Vibe	0	4	0	0	0	0	13	6	0	0	0
Shiiu's Choker	Neck	84	20	Rush	Flow	0	0	0	4	0	0	0	0	0	4	14
t+pazolite's Headshaking Headphones	Neck	84	20	Vibe	Beat	0	0	4	0	0	0	0	13	6	0	0
Ardolf's Lycanthrope Mask	Neck	79	25	Flow	Beat	0	0	5	0	0	0	0	0	7	10	0
Halv's Shoulder-Pal Penguin	Neck	79	15	Beat	Flow	0	3	0	0	0	0	0	0	12	8	8
Gamer's Expensive Bowtie	Neck	74	30	Beat	Chill	0	2	0	4	0	0	6	0	8	0	0
Kurokotei's Ribbon	Neck	74	20	Rush	Beat	0	4	0	0	0	0	0	0	5	0	11
Landino's Tri-Chain	Neck	68	20	Chill	Vibe	4	0	0	0	0	0	10	4	0	0	0
Koneko's Cat Charm	Neck	63	15	Chill	Vibe	3	0	0	0	0	0	9	6	0	0	0
Onii's Otaku Mask	Neck	49	25	Rush	Flow	0	5	0	0	0	0	0	0	0	2	5
Kagan's Cowboy Bandana	Neck	44	20	Chill	Rush	0	4	0	0	0	0	5	0	0	0	2
Xana's Street Chains	Neck	43	25	Rush	Beat	0	0	3	2	0	0	0	0	1	0	4
Xsitsu's Retro Bowtie	Neck	42	20	Beat	Chill	4	0	0	0	0	0	3	0	4	0	0
Random's Hip Headphones	Neck	40	20	Vibe	Chill	0	0	0	4	0	0	2	4	0	0	0
Goonie's Disco Bling	Neck	38	10	Flow	Chill	0	0	0	2	0	0	0	0	0	7	0
Kagetora's Dog Tags	Neck	101	35	Beat	Chill	0	0	0	7	0	0	7	0	13	0	0
24kGoldn	Mini	92	30	Flow	Chill	0	6	0	0	0	0	7	0	0	12	0
8-Bit Alien	Mini	97	35	Rush	Chill	0	7	0	0	0	0	7	0	0	0	12
AAAA	Mini	92	30	Beat	Vibe	0	0	0	0	6	0	0	5	13	0	0
Apocalypse Survivor Starlet	Mini	105	35	Chill	Beat	0	7	0	0	0	0	14	0	7	0	0
Ardolf	Mini	80	30	Flow	Beat	0	0	0	6	0	0	0	0	3	11	0
ARForest	Mini	75	25	Flow	Vibe	0	0	5	0	0	0	0	5	0	10	0
Asteroid's Dream	Mini	75	25	Chill	Beat	0	0	0	0	5	0	10	0	5	0	0
Autumn Festival Lisa	Mini	102	40	Beat	Rush	0	0	0	0	8	0	0	0	12	0	7
Birthday Alien	Mini	92	30	Rush	Flow	0	6	0	0	0	0	0	0	0	7	12
Bossfight	Mini	80	20	Flow	Vibe	0	0	4	0	0	0	0	4	0	13	0
Camellia	Mini	75	25	Beat	Rush	0	0	5	0	0	0	0	0	10	0	5
Chroma	Mini	80	30	Vibe	Beat	0	0	6	0	0	0	0	11	3	0	0
Creo	Mini	80	30	Chill	Beat	0	0	0	6	0	0	11	0	3	0	0
Dark Cat	Mini	75	25	Beat	Vibe	0	0	5	0	0	0	0	3	11	0	0
Voca-Hiku	Mini	102	40	Chill	Rush	0	0	0	0	6	0	13	0	0	0	13
EmoCosine	Mini	77	25	Beat	Rush	0	0	5	0	0	0	0	0	11	0	4
F-777	Mini	80	30	Vibe	Flow	0	0	0	0	6	0	0	11	0	3	0
FNF Boyfriend	Mini	77	25	Beat	Flow	0	0	5	0	0	0	0	0	11	4	0
FNF Girlfriend	Mini	94	30	Chill	Flow	0	0	0	0	6	0	12	0	0	8	0
Halloween Witch Teresa	Mini	96	30	Beat	Flow	0	6	0	0	0	0	0	0	13	7	0
Halv	Mini	81	25	Beat	Beat	0	5	0	0	0	0	0	0	14	0	0
Helpful Alien	Mini	75	25	Rush	Flow	0	5	0	0	0	0	0	0	0	5	10
Hyper Potions Shiba	Mini	75	25	Vibe	Beat	0	0	0	5	0	0	0	10	5	0	0
Hyun	Mini	92	40	Chill	Chill	0	0	0	8	0	0	13	0	0	0	0
I Res	Mini	75	25	Chill	Flow	0	0	0	0	5	0	10	0	0	5	0
James Landino	Mini	72	20	Vibe	Vibe	0	0	4	0	0	0	0	13	0	0	0
Juggernaut	Mini	91	35	Rush	Rush	0	0	0	0	7	0	0	0	0	0	14
Kagetora	Mini	97	35	Beat	Chill	0	0	7	0	0	0	5	0	13	0	0
Kobaryo	Mini	80	30	Rush	Flow	0	6	0	0	0	0	0	0	0	3	11
Kurante Metal Dimensions	Mini	104	40	Rush	Vibe	0	8	0	0	0	0	0	4	0	0	14
Kurante-chan	Mini	80	30	Rush	Vibe	0	6	0	0	0	0	0	3	0	0	11
Kurokotei	Mini	75	25	Rush	Beat	0	5	0	0	0	0	0	0	5	0	10
Make a Cake Chef	Mini	97	35	Beat	Rush	0	0	7	0	0	0	0	0	13	0	5
Maliboux	Mini	75	25	Chill	Rush	0	0	5	0	0	0	10	0	0	0	5
Monstercat	Mini	96	30	Chill	Flow	0	6	0	0	0	0	13	0	0	7	0
New Year's Bunny-Girl Zara	Mini	101	35	Flow	Rush	0	0	0	7	0	0	0	0	0	14	5
Okuu	Mini	80	30	Rush	Flow	0	6	0	0	0	0	0	0	0	5	10
Ponchi	Mini	75	25	Flow	Chill	0	5	0	0	0	0	5	0	0	10	0
Project Skylate	Mini	93	45	Flow	Chill	0	0	0	9	0	0	2	0	0	11	0
Reku Mochizuki	Mini	75	25	Vibe	Chill	0	5	0	0	0	0	3	11	0	0	0
Ringmaster Roxie	Mini	96	30	Vibe	Rush	0	0	0	6	0	0	0	13	0	0	7
RiraN	Mini	77	25	Rush	Rush	0	0	0	5	0	0	0	0	0	0	13
Rutra	Mini	80	30	Rush	Beat	0	6	0	0	0	0	0	0	3	0	11
Santa's Helper Marsha	Mini	102	30	Vibe	Rush	0	6	0	0	0	0	0	13	0	0	10
Schoolgirl Marie	Mini	94	30	Chill	Beat	0	0	0	6	0	0	12	0	8	0	0
Se-U-Ra	Mini	80	30	Flow	Rush	0	0	0	0	6	0	0	0	0	11	3
seatrus	Mini	77	25	Flow	Rush	0	0	0	0	5	0	0	0	0	10	6
Shaii	Mini	77	25	Flow	Flow	0	0	0	0	5	0	0	0	0	13	0
Shiiu	Mini	86	30	Rush	Flow	0	0	0	6	0	0	0	0	0	4	12
Silentroom	Mini	77	25	Chill	Chill	0	0	0	0	5	0	13	0	0	0	0
Similar Outskirts	Mini	75	25	Beat	Chill	0	0	0	5	0	0	5	0	10	0	0
Slushii	Mini	75	25	Vibe	Flow	0	5	0	0	0	0	0	10	0	5	0
Slynk	Mini	84	30	Flow	Vibe	0	0	0	6	0	0	0	5	0	11	0
Sound Space Cat	Mini	103	35	Flow	Chill	0	0	0	0	7	0	8	0	0	13	0
Spring Festival Mattie	Mini	99	35	Beat	Chill	0	0	0	0	7	0	8	0	12	0	0
Summertime Zara	Mini	99	35	Vibe	Chill	0	0	7	0	0	0	8	12	0	0	0
Synthion	Mini	82	30	Chill	Rush	0	0	0	6	0	0	11	0	0	0	4
t+pazolite	Mini	84	30	Vibe	Beat	0	0	6	0	0	0	0	12	3	0	0
t0y0u	Mini	75	25	Rush	Flow	0	5	0	0	0	0	0	0	0	5	10
Team Grimoire	Mini	77	25	Beat	Beat	0	0	0	5	0	0	0	0	13	0	0
Tobu	Mini	75	25	Chill	Beat	0	0	0	5	0	0	11	0	3	0	0
Tower Heroes Mirai	Mini	92	30	Flow	Rush	0	0	0	6	0	0	0	0	0	12	7
Tower Heroes Wizard	Mini	75	25	Vibe	Flow	0	5	0	0	0	0	0	10	0	5	0
tv room	Mini	76	20	Vibe	Rush	0	0	0	0	4	0	0	12	0	0	4
Undead Corporation Akemi	Mini	77	25	Beat	Beat	0	0	5	0	0	0	0	0	13	0	0
USAO	Mini	90	30	Rush	Vibe	0	0	0	0	6	0	0	6	0	0	12
Ushi-chan	Mini	80	30	Beat	Vibe	0	0	0	0	6	0	0	3	11	0	0
Valentines Lisa	Mini	92	30	Chill	Rush	0	0	0	0	6	0	12	0	0	0	7
Viyella	Mini	75	25	Beat	Flow	0	0	0	5	0	0	0	0	10	5	0
DJ Hiku Party Mode	Mini	86	30	Rush	Chill	0	0	0	0	6	0	2	0	0	0	13
Waterflame	Mini	75	25	Vibe	Chill	0	0	0	0	5	0	5	10	0	0	0
WHIPPED Cream	Mini	75	25	Flow	Chill	0	0	0	0	5	0	5	0	0	10	0
you	Mini	91	35	Vibe	Vibe	0	0	7	0	0	0	0	14	0	0	0
YooH	Mini	102	40	Chill	Rush	0	0	8	0	0	0	14	0	0	0	3
Black17 Eternxlkz	Mini	64	30	Vibe	Rush	0	0	0	0	6	0	0	11	0	0	10
nanobii	Mini	92	30	Flow	Chill	0	6	0	0	0	0	7	0	0	12	0
Snail's House	Mini	102	40	Flow	Chill	0	8	0	0	0	0	3	0	0	14	0
Heavy Metal Starlet	Mini	100	30	Beat	Vibe	0	0	0	0	6	0	0	7	14	0	0
Legendary Beat Cyborg's Hat	Hat	146	60	Beat	Flow	0	0	7	0	5	0	0	0	18	7	0
Legendary Chill Samurai's Helm	Hat	146	50	Chill	Flow	10	0	0	0	0	0	19	0	0	10	0
Legendary Flow Commander's Helmet	Hat	142	60	Flow	Chill	0	0	0	12	0	0	7	0	0	17	0
Legendary Vibe Ringleader's Cap	Hat	135	45	Vibe	Beat	0	9	0	0	0	0	0	17	11	0	0
Legendary Rush Chieftain's Kasa Hat	Hat	132	50	Rush	Vibe	4	6	0	0	0	0	0	9	0	0	16
Autumnal Adept's Bloom	Hat	129	105	Rush	Chill	0	7	7	7	0	0	0	0	0	0	6
Legendary Marshall's Hat	Hat	127	55	Chill	Rush	0	0	0	6	5	0	12	0	0	0	12
Legendary Rebel's Hat	Hat	121	45	Beat	Chill	9	0	0	0	0	0	12	0	13	0	0
Rare Beat Cyborg's Hat	Hat	121	45	Beat	Flow	0	0	6	0	3	0	0	0	16	6	0
Legendary Musketeer's Hat	Hat	118	40	Vibe	Vibe	0	6	0	0	2	0	0	13	0	13	0
Rare Chill Samurai's Helm	Hat	117	45	Chill	Flow	9	0	0	0	0	0	14	0	0	8	0
Rare Flow Commander's Helmet	Hat	117	45	Flow	Chill	0	0	0	9	0	0	6	0	0	15	0
The Games Hidden Shrine	Hat	117	105	Vibe	Chill	0	7	0	7	7	0	0	3	0	0	0
Sound Space Speaker Ears	Hat	109	45	Flow	Chill	0	0	0	4	5	0	8	0	0	12	0
Rare Rush Chieftain's Kasa Hat	Hat	103	35	Rush	Vibe	3	4	0	0	0	0	0	6	0	0	14
Rare Vibe Ringleader's Cap	Hat	102	30	Vibe	Beat	0	6	0	0	0	0	0	13	10	0	0
Apocalypse Survivor Starlet's Hair	Hat	98	30	Chill	Beat	0	2	0	0	4	0	13	0	8	0	0
Birthday Alien Hat	Hat	98	30	Beat	Flow	0	0	0	0	6	0	0	0	14	6	0
USAO's Goggles	Hat	98	30	Rush	Vibe	0	0	3	3	0	0	0	8	0	0	13
you's Pigtails	Hat	98	30	Vibe	Chill	0	0	3	3	0	0	4	15	0	0	0
Santa's Helper Hood	Hat	95	15	Vibe	Flow	0	0	0	0	3	0	0	14	0	12	0
Captain's Hat	Hat	94	40	Flow	Rush	0	5	0	3	0	0	0	0	0	10	7
Juggernaut's Goggles	Hat	94	30	Rush	Flow	0	6	0	0	0	0	0	0	0	6	13
Chroma's Pixel Mage Hat	Hat	93	35	Vibe	Beat	0	0	4	3	0	0	0	12	5	0	0
Shaii's Cut	Hat	93	35	Flow	Vibe	0	0	0	4	3	0	0	5	0	12	0
Lisa's Beret	Hat	91	35	Chill	Rush	0	4	0	0	3	0	12	0	0	0	4
Viyella's Golden Locks	Hat	91	35	Beat	Chill	0	0	3	4	0	0	0	0	14	0	0
Cametek Fedora	Hat	90	30	Beat	Rush	0	0	4	0	2	0	0	0	12	0	6
Autumn Festival Lisa's Hairpin	Hat	89	25	Beat	Rush	0	0	5	0	0	0	0	0	13	0	6
Shiiu's Headphones	Hat	89	25	Rush	Flow	0	0	0	5	0	0	0	0	0	6	13
Party Mode Rave Hat!	Hat	88	20	Chill	Rush	0	4	0	0	0	0	15	0	0	0	4
Restriction Hair	Hat	88	30	Rush	Flow	0	2	0	0	4	0	0	0	0	5	12
Ushi-chan's Horns	Hat	88	30	Beat	Vibe	0	3	0	3	0	0	0	5	12	0	0
tv room's Brain	Hat	87	25	Vibe	Rush	0	2	0	0	3	0	0	12	0	0	7
Goldn's Braids	Hat	86	30	Flow	Chill	0	0	3	0	3	0	8	0	0	10	0
Halloween Witch's Hat	Hat	86	30	Flow	Chill	0	0	3	0	3	0	8	0	0	10	0
EmoCosine's Delusional Pigtails	Hat	85	25	Beat	Rush	0	5	0	0	0	0	0	0	12	0	6
Kepo's Beanie	Hat	85	25	Chill	Rush	0	5	0	0	0	0	11	0	0	0	8
Gamer's Expensive Fedora	Hat	83	45	Beat	Chill	0	4	0	5	0	0	3	0	8	0	0
Reku's Hair	Hat	83	25	Vibe	Chill	0	4	1	0	0	0	5	12	0	0	0
Similar Outskirts Beanie	Hat	83	25	Beat	Chill	0	0	0	2	3	0	7	0	11	0	0
Poppy's Flux Hair	Hat	81	25	Flow	Rush	5	0	0	0	0	0	0	0	0	10	8
Just Dance Coach's Wolf Mask	Hat	79	25	Chill	Vibe	0	0	0	5	0	0	10	7	0	0	0
Slynk's Funky Fresh Hat	Hat	79	25	Vibe	Flow	0	0	0	3	2	0	0	10	0	7	0
Garcello's Hat	Hat	76	20	Vibe	Flow	0	0	0	0	4	0	0	10	0	8	0
Ringmaster Roxie's Hair	Hat	76	20	Vibe	Rush	0	0	4	0	0	0	0	10	0	0	8
Kurokotei's Locks	Hat	75	25	Rush	Beat	0	5	0	0	0	0	0	0	7	0	9
Santa's Hat and Beard	Hat	73	25	Beat	Beat	0	5	0	0	0	0	0	0	8	8	0
Kobaryo's Hair	Hat	72	20	Rush	Flow	0	0	0	0	4	0	0	0	0	8	9
ARForest's Plague Hat	Hat	71	15	Flow	Vibe	0	0	3	0	0	0	0	8	0	10	0
Just Dance Coach's Hair	Hat	71	15	Flow	Vibe	0	0	0	3	0	0	0	4	0	12	0
Just Dance Coach's Hood	Hat	71	15	Chill	Rush	0	3	0	0	0	0	10	0	0	0	8
Landino's Fro	Hat	70	10	Chill	Vibe	2	0	0	0	0	0	11	8	0	0	0
Kurante's DiVE Headphones	Hat	67	25	Vibe	Vibe	1	4	0	0	0	0	0	7	7	0	0
Koneko's Cat Hood	Hat	66	20	Chill	Vibe	4	0	0	0	0	0	9	5	0	0	0
Mighty's Pro Bunny Visor	Hat	64	0	Vibe	Chill	0	0	0	0	0	0	4	14	0	0	0
Boyfriend's Cap	Hat	52	20	Beat	Flow	0	0	0	4	0	0	0	0	6	4	0
Girlfriend's Hair	Hat	52	20	Chill	Flow	0	0	0	0	4	0	6	0	0	4	0
Onii's Otaku Beanie	Hat	47	15	Rush	Flow	0	3	0	0	0	0	0	0	0	4	6
Xsitsu's Retro Boater	Hat	46	20	Beat	Chill	4	0	0	0	0	0	3	0	5	0	0
Kagan's Cowboy Hat	Hat	45	15	Chill	Rush	0	3	0	0	0	0	6	0	0	0	3
Summer Flamingo Float Hat	Hat	42	0	Chill	Chill	0	0	0	0	0	0	7	7	7	7	7
Xana's Street Cap	Hat	42	20	Rush	Beat	0	0	2	2	0	0	0	0	3	0	4
Random's Hip Beanie	Hat	39	15	Vibe	Chill	0	0	0	3	0	0	2	5	0	0	0
Goonie's Disco Hair	Hat	26	0	Flow	Vibe	0	0	0	0	0	0	0	3	0	5	0
Halv's Twintails	Hat	79	15	Beat	Flow	0	3	0	0	0	0	0	0	12	8	8
Heavy Metal Starlet's Hat	Hat	98	30	Beat	Vibe	0	0	4	2	0	0	0	8	13	0	0
UNDEAD CORPORATION Akemi's Hair	Hat	93	25	Beat	Beat	0	0	0	5	0	0	0	0	17	0	0
Legendary Beat Cyborg's Goggles	Face	155	65	Beat	Flow	0	0	8	0	5	0	0	0	18	9	0
Legendary Rush Chieftain's Mask	Face	140	50	Rush	Vibe	5	5	0	0	0	0	0	7	0	0	19
Legendary Marshall's Mask	Face	135	65	Chill	Rush	0	0	6	7	0	0	7	0	0	0	14
Legendary Flow Commander's Visor	Face	133	45	Flow	Chill	0	0	0	9	0	0	10	0	0	17	0
Legendary Rebel's Mask	Face	133	65	Beat	Chill	13	0	0	0	0	0	8	0	13	0	0
Legendary Chill Samurai's Mask	Face	130	40	Chill	Flow	8	0	0	0	0	0	17	0	0	11	0
Legendary Vibe Ringleader's Harmonica	Face	125	35	Vibe	Beat	0	7	0	0	0	0	0	18	9	0	0
Legendary Musketeer's Mask	Face	114	30	Vibe	Vibe	1	5	0	0	0	0	0	14	0	14	0
Eternxlkz's Black17 Glasses	Face	113	65	Vibe	Rush	7	6	0	0	0	0	0	8	0	0	8
Rare Vibe Ringleader's Harmonica	Face	111	35	Vibe	Beat	0	7	0	0	0	0	0	15	8	0	0
Rare Beat Cyborg's Goggles	Face	108	40	Beat	Flow	0	0	5	0	3	0	0	0	13	8	0
Rare Rush Chieftain's Mask	Face	108	40	Rush	Vibe	4	4	0	0	0	0	0	6	0	0	14
Rare Flow Commander's Visor	Face	107	35	Flow	Chill	0	0	0	7	0	0	8	0	0	14	0
Rare Chill Samurai's Mask	Face	104	30	Chill	Flow	6	0	0	0	0	0	14	0	0	9	0
AAAA's Hoshikaka-kun Mask	Face	96	20	Chill	Flow	0	0	0	0	4	0	14	0	0	10	0
MAXZY's Mask	Face	94	40	Chill	Vibe	0	5	3	0	0	0	10	7	0	0	0
Bossfight's Mask	Face	88	20	Flow	Vibe	0	0	4	0	0	0	0	4	0	15	0
Restriction Eyepatch	Face	86	30	Rush	Flow	0	4	0	0	2	0	0	0	0	6	11
Skylate's Mask	Face	85	25	Flow	Chill	0	0	0	5	0	0	8	0	0	11	0
HyuN's Cyberpunk Mask	Face	82	20	Chill	Flow	0	0	0	4	0	0	11	0	0	9	0
Gamer's Expensive Shades	Face	80	40	Beat	Chill	0	3	0	5	0	0	4	0	8	0	0
garlagan's t0y0u Mask	Face	80	20	Rush	Flow	0	4	0	0	0	0	0	0	0	6	12
Kobaryo's Glasses	Face	79	25	Rush	Flow	0	2	0	3	0	0	0	0	0	7	10
Tobu's Sweet Shades	Face	79	35	Rush	Vibe	0	3	0	4	0	0	0	6	0	0	8
Roxie's Glasses	Face	78	20	Vibe	Rush	0	0	0	4	0	0	0	11	0	0	7
ARForest's Plague Mask	Face	76	20	Flow	Vibe	0	0	4	0	0	0	0	6	0	11	0
Red Reindeer Nose	Face	75	25	Rush	Beat	0	0	0	0	5	0	0	0	7	0	9
Xsitsu's Retro Aviators	Face	51	25	Beat	Chill	5	0	0	0	0	0	1	0	6	0	0
Onii's Otaku Specs	Face	47	25	Rush	Flow	0	5	0	0	0	0	0	0	0	3	4
Kagan's Cowboy Goggles	Face	41	15	Chill	Rush	0	3	0	0	0	0	5	0	0	0	3
Random's Hip Glasses	Face	40	20	Vibe	Chill	0	0	0	4	0	0	2	4	0	0	0
Xana's Street Shades	Face	40	20	Rush	Beat	0	0	3	1	0	0	0	0	2	0	4
Goonie's Disco Glasses	Face	28	0	Flow	Vibe	0	0	0	0	0	0	0	2	0	6	0
Legendary Rush Chieftain's Aura Band	Back	159	55	Rush	Vibe	6	5	0	0	0	0	0	10	0	0	21
Legendary Beat Cyborg's Jetpack	Back	156	60	Beat	Flow	0	0	4	0	8	0	0	0	19	10	0
Legendary Rebel's Sash	Back	144	70	Beat	Chill	11	0	0	3	0	0	11	0	13	0	0
Legendary Vibe Ringleader's Band Kit	Back	143	45	Vibe	Beat	0	9	0	0	0	0	0	20	9	0	0
Legendary Chill Samurai's Banner	Back	139	45	Chill	Flow	9	0	0	0	0	0	19	0	0	9	0
Legendary Flow Commander's Jetpack	Back	133	35	Flow	Chill	0	0	0	7	0	0	7	0	0	21	0
Legendary Marshall's Shoulderpads	Back	127	55	Chill	Rush	0	0	5	6	0	0	12	0	0	0	12
Legendary Musketeer's Epaulette	Back	126	50	Flow	Vibe	4	6	0	0	0	0	0	12	0	13	0
No-Scope Loadout	Back	117	105	Flow	Chill	0	7	7	7	0	0	0	0	0	3	0
Valentine's Bear	Back	112	40	Rush	Chill	0	4	0	0	4	0	0	0	0	0	18
Rare Chill Samurai's Banner	Back	111	35	Chill	Flow	7	0	0	0	0	0	15	0	0	8	0
Rare Flow Commander's Jetpack	Back	111	35	Flow	Chill	0	0	0	7	0	0	4	0	0	17	0
Rare Vibe Ringleader's Band Kit	Back	110	30	Vibe	Beat	0	6	0	0	0	0	0	16	8	0	0
Rare Beat Cyborg's Jetpack	Back	109	35	Beat	Flow	0	0	3	0	4	0	0	0	15	7	0
The Games Cape	Back	108	100	Vibe	Chill	0	5	5	5	5	0	0	2	0	0	0
Rare Rush Chieftain's Aura Band	Back	107	35	Rush	Vibe	5	2	0	0	0	0	0	8	0	0	14
Apocalypse Survivor Starlet's Comms Pack	Back	107	35	Chill	Beat	0	5	0	0	2	0	15	0	6	0	0
Juggernaut's Mini-Gun	Back	101	35	Rush	Flow	0	0	0	0	7	0	0	0	0	3	15
Santa's Helper Cape	Back	99	15	Vibe	Rush	0	0	3	0	0	0	0	16	0	0	10
Shaii's Wings	Back	95	35	Flow	Vibe	0	0	0	3	4	0	0	4	0	13	0
Silentroom's Lonely Stars	Back	95	35	Chill	Vibe	0	0	3	0	4	0	15	0	0	0	0
Kairoh's Heart Guitar	Back	88	40	Flow	Chill	0	0	0	8	0	0	0	0	0	12	0
Pink Electric Guitar	Back	84	30	Vibe	Chill	0	0	0	2	4	0	7	10	0	0	0
Ardolf's Lycanthrope Tail	Back	83	25	Flow	Beat	0	0	0	0	5	0	0	0	5	12	0
Kurante's DiVE Wings	Back	78	30	Vibe	Vibe	2	4	0	0	0	0	0	8	8	0	0
Koneko's Cat Tail	Back	61	15	Chill	Vibe	3	0	0	0	0	0	8	7	0	0	0
Beat Beginner Boombox	Back	60	20	Beat	Beat	4	0	0	0	0	0	0	0	10	0	0
Chill Beginner Boombox	Back	60	20	Chill	Chill	4	0	0	0	0	0	10	0	0	0	0
Flow Beginner Boombox	Back	60	20	Flow	Flow	4	0	0	0	0	0	0	0	0	10	0
Hardcore Guitar	Back	60	0	Beat	Beat	0	0	0	0	0	0	0	0	10	0	10
Rush Beginner Boombox	Back	60	20	Rush	Rush	4	0	0	0	0	0	0	0	0	0	10
Vibe Beginner Boombox	Back	60	20	Vibe	Vibe	4	0	0	0	0	0	0	10	0	0	0
Axe Guitar	Back	58	30	Beat	Chill	0	0	0	6	0	-2	0	0	7	0	0
Casual Guitar	Back	54	0	Flow	Vibe	0	0	0	0	0	0	0	3	0	12	0
Metal Guitar	Back	53	25	Rush	Chill	0	5	0	0	0	0	0	0	0	0	7
Onii's Heart Blade	Back	28	10	Rush	Flow	0	2	0	0	0	0	0	0	0	1	4
nanobii's Bubble Wand	Back	104	64	Flow	Chill	0	4	4	4	4	0	4	0	0	8	0
Snail-Chan's Shell	Back	102	50	Flow	Chill	0	0	0	0	10	0	8	0	0	9	0
